seq id	position	annotation	description	evidence	gene	locusTag	mutation	sampleName	freq	aminoAlt	aminoRef	codonAlt	codonRef	mutationCategory
1	87242.0	intergenic (+85/+17)	[locus_tag=Bcen2424_5147] [db_xref=InterPro:IPR006157] [protein=Dihydroneopterin aldolase][protein_id=ABK11880.1] [location=complement(2194414..2194854)][gbkey=CDS]/[locus_tag=Bcen2424_5146] [db_xref=InterPro:IPR008258] [protein=Lytic transglycosylase,catalytic] [protein_id=ABK11879.1] [location=2193627..2194313][gbkey=CDS]	RA	JNAKOBFD_00074 - / - JNAKOBFD_00075	Bcen2424_5147|Bcen2424_5146	D1 bp	AU1064						small_indel
1	147229.0	intergenic (+40/+32)	[locus_tag=Bcen2424_5101] [protein=conserved hypothetical protein] [protein_id=ABK11834.1][location=complement(2134389..21354 89)] [gbkey=CDS]/[locus_tag=Bcen2424_5100] [db_xref=InterPro:IPR000172,InterPro:IPR007867, InterPro:IPR011533][protein=choline dehydrogenase] [protein_id=ABK11833.1][location=2132616..2134316] [gbkey=CDS]	RA	JNAKOBFD_00121 - / - JNAKOBFD_00122	Bcen2424_5101|Bcen2424_5100	(G)5-6	AU1064						small_indel
1	598843.0	intergenic (+4/+95)	[locus_tag=Bcen2424_2337] [db_xref=InterPro:IPR001734] [protein=Na+/solute symporter][protein_id=ABK09088.1] [location=complement(2599928..2601478)][gbkey=CDS]/[locus_tag=Bcen2424_2336] [db_xref=InterPro:IPR004360,InterPro:IPR009725] [protein=Glyoxalase/bleomycin resistance protein/dioxygenase] [protein_id=ABK09087.1][location=2599374..2599829] [gbkey=CDS]	RA	JNAKOBFD_00523 - / - JNAKOBFD_00524	Bcen2424_2337|Bcen2424_2336	A-G	AU1064						snp_intergenic
1	609453.0	T490A (ACG-GCG)	[locus_tag=Bcen2424_2324] [db_xref=InterPro:IPR009656,InterPro:IPR010915] [protein=polyhydroxyalkanoate depolymerase, intracellular] [protein_id=ABK09075.1][location=2587847..2589337] [gbkey=CDS]	RA	JNAKOBFD_00536 -	Bcen2424_2324	T-C	AU1064		A	T	GCG	ACG	snp_nonsynonymous
1	870801.0	G396C (GGC-TGC)	[locus_tag=Bcen2424_6350] [db_xref=InterPro:IPR000767,InterPro:IPR001867, InterPro:IPR011717][protein=transcriptional regulator, winged helix family][protein_id=ABK13082.1] [location=540377..543298] [gbkey=CDS]	RA	JNAKOBFD_00779 -	Bcen2424_6350	G-T	AU1064		C	G	TGC	GGC	snp_nonsynonymous
1	899907.0	V271G (GTC-GGC)	[locus_tag=Bcen2424_6372] [db_xref=InterPro:IPR003719] [protein=phenazine biosynthesis protein PhzF family] [protein_id=ABK13104.1] [location=complement(570619..571479)][gbkey=CDS]	RA	JNAKOBFD_00802 -	Bcen2424_6372	A-C	AU1064		G	V	GGC	GTC	snp_nonsynonymous
1	1068684.0	G412V (GGG-GTG)	[locus_tag=Bcen2424_6711] [db_xref=InterPro:IPR007114,InterPro:IPR011701] [protein=major facilitator superfamily MFS_1] [protein_id=ABK13440.1] [location=complement(947978..949306)][gbkey=CDS]	RA	JNAKOBFD_00956 -	Bcen2424_6711	C-A	AU1064		V	G	GTG	GGG	snp_nonsynonymous
1	1145453.0	T466A (ACG-GCG)	[locus_tag=Bcen2424_6767] [db_xref=InterPro:IPR001451,InterPro:IPR002173, InterPro:IPR003368,InterPro:IPR005546,InterPro:IPR006315, InterPro:IPR008619,InterPro:IPR013425][protein=outer membrane autotransporter barrel domain protein] [protein_id=ABK13496.1] [location=complement(1019933..1032649)][gbkey=CDS]	RA	JNAKOBFD_01014 -	Bcen2424_6767	T-C	AU1064		A	T	GCG	ACG	snp_nonsynonymous
1	1301313.0	L759L (CTG-TTG)	[locus_tag=Bcen2424_5983] [db_xref=InterPro:IPR005594,InterPro:IPR006162, InterPro:IPR008635,InterPro:IPR008640][protein=YadA C-terminal domain protein][protein_id=ABK12716.1] [location=complement(124247..128662)][gbkey=CDS]	RA	JNAKOBFD_01153 -	Bcen2424_5983	G-A	AU1064		L	L	TTG	CTG	snp_synonymous
1	1301317.0	T757T (ACC-ACG)	[locus_tag=Bcen2424_5983] [db_xref=InterPro:IPR005594,InterPro:IPR006162, InterPro:IPR008635,InterPro:IPR008640][protein=YadA C-terminal domain protein][protein_id=ABK12716.1] [location=complement(124247..128662)][gbkey=CDS]	RA	JNAKOBFD_01153 -	Bcen2424_5983	G-C	AU1064		T	T	ACG	ACC	snp_synonymous
1	1547579.0	coding (2867/2928 nt)	[locus_tag=Bcen2424_6205] [db_xref=InterPro:IPR001036,InterPro:IPR004764] [protein=transporter,hydrophobe/amphiphile efflux-1 (HAE1) family] [protein_id=ABK12937.1][location=369791..372982] [gbkey=CDS]	RA	JNAKOBFD_01372 -	Bcen2424_6205	(G)9-10	AU1064						small_indel
1	1783110.0	intergenic (+2/+207)	[locus_tag=Bcen2424_2037] [protein=conserved hypothetical protein] [protein_id=ABK08788.1][location=complement(2261347..22616 13)] [gbkey=CDS]/[locus_tag=Bcen2424_2036] [db_xref=InterPro:IPR001687,InterPro:IPR003439, InterPro:IPR003593][protein=ABC transporter related protein] [protein_id=ABK08787.1][location=2259208..2261139] [gbkey=CDS]	RA	JNAKOBFD_01587 - / - JNAKOBFD_01588	Bcen2424_2037|Bcen2424_2036	G-T	AU1064						snp_intergenic
1	1886224.0	intergenic (+66/+62)	[locus_tag=Bcen2424_1942] [db_xref=InterPro:IPR003526] [protein=2-C-methyl-D-erythritol 2,4-cyclodiphosphate synthase] [protein_id=ABK08693.1] [location=complement(2157890..2158375)][gbkey=CDS]/[locus_tag=Bcen2424_1941] [db_xref=InterPro:IPR003779] [protein=Carboxymuconolactone decarboxylase] [protein_id=ABK08692.1] [location=2157235..2157762][gbkey=CDS]	RA	JNAKOBFD_01682 - / - JNAKOBFD_01683	Bcen2424_1942|Bcen2424_1941	C-A	AU1064						snp_intergenic
1	2436313.0	T273K (ACG-AAG)	[locus_tag=Bcen2424_1449] [db_xref=InterPro:IPR003423,InterPro:IPR005829, InterPro:IPR010131][protein=RND efflux system, outer membrane lipoprotein,NodT family] [protein_id=ABK08201.1] [location=complement(1603530..1605047)][gbkey=CDS]	RA	JNAKOBFD_02182 -	Bcen2424_1449	C-A	AU1064		K	T	AAG	ACG	snp_nonsynonymous
2	12317.0	intergenic (+45/+78)	[locus_tag=Bcen2424_0755] [db_xref=InterPro:IPR003700] [protein=ketopantoate hydroxymethyltransferase][protein_id=ABK07508.1] [location=complement(846941..847756)][gbkey=CDS]/[locus_tag=Bcen2424_0754] [db_xref=InterPro:IPR001544,InterPro:IPR005801, InterPro:IPR005802][protein=para-aminobenzoate synthase, subunit I] [protein_id=ABK07507.1][location=844905..846818] [gbkey=CDS]	RA	JNAKOBFD_02873 - / - JNAKOBFD_02874	Bcen2424_0755|Bcen2424_0754	C-G	AU1064						snp_intergenic
2	27656.0	N9S (AAC-AGC)	[locus_tag=Bcen2424_0742] [db_xref=InterPro:IPR005190] [protein=(Glutamate--ammonia-ligase)adenylyltransferase] [protein_id=ABK07495.1] [location=831533..834340][gbkey=CDS]	RA	JNAKOBFD_02884 -	Bcen2424_0742	T-C	AU1064		S	N	AGC	AAC	snp_nonsynonymous
2	527467.0	T332A (ACC-GCC)	[locus_tag=Bcen2424_0309] [db_xref=InterPro:IPR000209,InterPro:IPR007114, InterPro:IPR011701][protein=major facilitator superfamily MFS_1] [protein_id=ABK07063.1][location=complement(349596..350879 )] [gbkey=CDS]	RA	JNAKOBFD_03327 -	Bcen2424_0309	T-C	AU1064		A	T	GCC	ACC	snp_nonsynonymous
2	602951.0	intergenic (+164/-62)	[locus_tag=Bcen2424_0380] [db_xref=InterPro:IPR003088,InterPro:IPR008168, InterPro:IPR008169,InterPro:IPR009056][protein=cytochrome c, class I] [protein_id=ABK07134.1][location=424550..425203] [gbkey=CDS]/[locus_tag=Bcen2424_0381] [db_xref=InterPro:IPR007816] [protein=ResB family protein] [protein_id=ABK07135.1][location=425426..427639] [gbkey=CDS]	RA	JNAKOBFD_03406 - / - JNAKOBFD_03407	Bcen2424_0380|Bcen2424_0381	(G)10-9	AU1064						small_indel
2	783559.0	intergenic (+102/-470)	[locus_tag=Bcen2424_0544] [db_xref=InterPro:IPR001753] [protein=short chain enoyl-CoA hydratase] [protein_id=ABK07298.1] [location=605087..605863][gbkey=CDS]/16S ribosomal RNA	RA	JNAKOBFD_03573 - / - JNAKOBFD_03574	Bcen2424_0544	A-G	AU1064						snp_intergenic
2	946126.0	T152N (ACC-AAC)	[locus_tag=Bcen2424_3023] [db_xref=InterPro:IPR005648] [protein=flagellar hook capping protein] [protein_id=ABK09771.1] [location=complement(3336772..3337518)][gbkey=CDS]	RA	JNAKOBFD_03732 -	Bcen2424_3023	C-A	AU1064		N	T	AAC	ACC	snp_nonsynonymous
2	1436832.0	G219G (GGT-GGC)	[locus_tag=Bcen2424_2570] [db_xref=InterPro:IPR002763] [protein=protein of unknown function DUF72] [protein_id=ABK09320.1] [location=2845650..2846951][gbkey=CDS]	RA	JNAKOBFD_04183 -	Bcen2424_2570	A-G	AU1064		G	G	GGC	GGT	snp_synonymous
2	1595588.0	A100E (GCG-GAG)	[locus_tag=Bcen2424_2424] [db_xref=InterPro:IPR003754,InterPro:IPR007470] [protein=protein of unknown function DUF513, hemX] [protein_id=ABK09174.1][location=complement(2688435..26904 05)] [gbkey=CDS]	RA	JNAKOBFD_04336 -	Bcen2424_2424	C-A	AU1064		E	A	GAG	GCG	snp_nonsynonymous
2	1595596.0	R103G (CGC-GGC)	[locus_tag=Bcen2424_2424] [db_xref=InterPro:IPR003754,InterPro:IPR007470] [protein=protein of unknown function DUF513, hemX] [protein_id=ABK09174.1][location=complement(2688435..26904 05)] [gbkey=CDS]	RA	JNAKOBFD_04336 -	Bcen2424_2424	C-G	AU1064		G	R	GGC	CGC	snp_nonsynonymous
2	1595621.0	G111V (GGG-GTG)	[locus_tag=Bcen2424_2424] [db_xref=InterPro:IPR003754,InterPro:IPR007470] [protein=protein of unknown function DUF513, hemX] [protein_id=ABK09174.1][location=complement(2688435..26904 05)] [gbkey=CDS]	RA	JNAKOBFD_04336 -	Bcen2424_2424	G-T	AU1064		V	G	GTG	GGG	snp_nonsynonymous
2	1595623.0	F112I (TTC-ATC)	[locus_tag=Bcen2424_2424] [db_xref=InterPro:IPR003754,InterPro:IPR007470] [protein=protein of unknown function DUF513, hemX] [protein_id=ABK09174.1][location=complement(2688435..26904 05)] [gbkey=CDS]	RA	JNAKOBFD_04336 -	Bcen2424_2424	T-A	AU1064		I	F	ATC	TTC	snp_nonsynonymous
2	2178069.0	T36N (ACC-AAC)	[locus_tag=Bcen2424_4257] [db_xref=InterPro:IPR006090,InterPro:IPR006091, InterPro:IPR013107][protein=Acyl-CoA dehydrogenase, type 2, C-terminal domain protein] [protein_id=ABK10992.1] [location=1191711..1193069][gbkey=CDS]	RA	JNAKOBFD_04853 -	Bcen2424_4257	G-T	AU1064		N	T	AAC	ACC	snp_nonsynonymous
2	2222702.0	A158A (GCT-GCG)	[locus_tag=Bcen2424_4217] [db_xref=InterPro:IPR003362] [protein=Undecaprenyl-phosphate galactose phosphotransferase] [protein_id=ABK10952.1] [location=1146690..1148096][gbkey=CDS]	RA	JNAKOBFD_04893 -	Bcen2424_4217	A-C	AU1064		A	A	GCG	GCT	snp_synonymous
2	2222705.0	L157L (CTT-CTG)	[locus_tag=Bcen2424_4217] [db_xref=InterPro:IPR003362] [protein=Undecaprenyl-phosphate galactose phosphotransferase] [protein_id=ABK10952.1] [location=1146690..1148096][gbkey=CDS]	RA	JNAKOBFD_04893 -	Bcen2424_4217	A-C	AU1064		L	L	CTG	CTT	snp_synonymous
2	2222708.0	H156Q (CAT-CAA)	[locus_tag=Bcen2424_4217] [db_xref=InterPro:IPR003362] [protein=Undecaprenyl-phosphate galactose phosphotransferase] [protein_id=ABK10952.1] [location=1146690..1148096][gbkey=CDS]	RA	JNAKOBFD_04893 -	Bcen2424_4217	A-T	AU1064		Q	H	CAA	CAT	snp_nonsynonymous
2	2222720.0	I152I (ATA-ATC)	[locus_tag=Bcen2424_4217] [db_xref=InterPro:IPR003362] [protein=Undecaprenyl-phosphate galactose phosphotransferase] [protein_id=ABK10952.1] [location=1146690..1148096][gbkey=CDS]	RA	JNAKOBFD_04893 -	Bcen2424_4217	T-G	AU1064		I	I	ATC	ATA	snp_synonymous
2	2222724.0	E151A (GAG-GCG)	[locus_tag=Bcen2424_4217] [db_xref=InterPro:IPR003362] [protein=Undecaprenyl-phosphate galactose phosphotransferase] [protein_id=ABK10952.1] [location=1146690..1148096][gbkey=CDS]	RA	JNAKOBFD_04893 -	Bcen2424_4217	T-G	AU1064		A	E	GCG	GAG	snp_nonsynonymous
2	2324478.0	R341* (CGA-TGA)	[locus_tag=Bcen2424_4136] [db_xref=InterPro:IPR003767] [protein=Malate/L-lactate dehydrogenase][protein_id=ABK10872.1] [location=complement(1045402..1046424)][gbkey=CDS]	RA	JNAKOBFD_04974 -	Bcen2424_4136	C-T	AU1064		*	R	TGA	CGA	snp_nonsense
2	2478091.0	intergenic (-161/+83)	[locus_tag=Bcen2424_4005] [db_xref=InterPro:IPR007138] [protein=Antibiotic biosynthesis monooxygenase] [protein_id=ABK10741.1] [location=893139..893474][gbkey=CDS]/[locus_tag=Bcen2424_4004] [db_xref=InterPro:IPR002198,InterPro:IPR002347] [protein=short-chain dehydrogenase/reductase SDR] [protein_id=ABK10740.1][location=892176..892895] [gbkey=CDS]	RA	JNAKOBFD_05108 - / - JNAKOBFD_05109	Bcen2424_4005|Bcen2424_4004	T-A	AU1064						snp_intergenic
2	2478103.0	intergenic (-173/+71)	[locus_tag=Bcen2424_4005] [db_xref=InterPro:IPR007138] [protein=Antibiotic biosynthesis monooxygenase] [protein_id=ABK10741.1] [location=893139..893474][gbkey=CDS]/[locus_tag=Bcen2424_4004] [db_xref=InterPro:IPR002198,InterPro:IPR002347] [protein=short-chain dehydrogenase/reductase SDR] [protein_id=ABK10740.1][location=892176..892895] [gbkey=CDS]	RA	JNAKOBFD_05108 - / - JNAKOBFD_05109	Bcen2424_4005|Bcen2424_4004	G-C	AU1064						snp_intergenic
2	2552865.0	S77P (TCG-CCG)	[locus_tag=Bcen2424_3939] [db_xref=InterPro:IPR002020,InterPro:IPR010953] [protein=citrate synthase] [protein_id=ABK10676.1] [location=817978..819279][gbkey=CDS]	RA	JNAKOBFD_05177 -	Bcen2424_3939	A-G	AU1064		P	S	CCG	TCG	snp_nonsynonymous
2	2591300.0	T65I (ACC-ATC)	[locus_tag=Bcen2424_3903] [db_xref=InterPro:IPR000010,InterPro:IPR006685] [protein=MscS Mechanosensitive ion channel] [protein_id=ABK10640.1] [location=complement(777496..779964)][gbkey=CDS]	RA	JNAKOBFD_05213 -	Bcen2424_3903	C-T	AU1064		I	T	ATC	ACC	snp_nonsynonymous
2	2593462.0	*786G (TGA-GGA)	[locus_tag=Bcen2424_3903] [db_xref=InterPro:IPR000010,InterPro:IPR006685] [protein=MscS Mechanosensitive ion channel] [protein_id=ABK10640.1] [location=complement(777496..779964)][gbkey=CDS]	RA	JNAKOBFD_05213 -	Bcen2424_3903	T-G	AU1064		G	*	GGA	TGA	snp_nonsynonymous
3	4778.0	coding (2063/2070 nt)	hypothetical protein	RA	JNAKOBFD_05605 -		+C	AU1064						small_indel
3	181113.0	G368G (GGC-GGT)	[locus_tag=Bcen2424_5364] [db_xref=InterPro:IPR000014,InterPro:IPR003660, InterPro:IPR004089,InterPro:IPR004090,InterPro:IPR005829, InterPro:IPR013655][protein=methyl-accepting chemotaxis sensory transducer with Pas/Pac sensor] [protein_id=ABK12097.1] [location=complement(2460320..2461864)][gbkey=CDS]	RA	JNAKOBFD_05752 -	Bcen2424_5364	G-A	AU1064		G	G	GGT	GGC	snp_synonymous
3	572256.0	intergenic (+153/+63)	[locus_tag=Bcen2424_5729] [db_xref=InterPro:IPR000005] [protein=transcriptional regulator,AraC family] [protein_id=ABK12462.1] [location=2852147..2853127][gbkey=CDS]/[locus_tag=Bcen2424_5730] [db_xref=InterPro:IPR001395] [protein=aldo/keto reductase][protein_id=ABK12463.1] [location=complement(2853343..2854290)][gbkey=CDS]	RA	JNAKOBFD_06112 - / - JNAKOBFD_06113	Bcen2424_5729|Bcen2424_5730	T-A	AU1064						snp_intergenic
3	748742.0	P311L (CCG-CTG)	[locus_tag=Bcen2424_3191] [db_xref=InterPro:IPR003423,InterPro:IPR010131] [protein=RND efflux system, outer membrane lipoprotein, NodT family] [protein_id=ABK09937.1][location=30170..31663] [gbkey=CDS]	RA	JNAKOBFD_06275 -	Bcen2424_3191	C-T	AU1064		L	P	CTG	CCG	snp_nonsynonymous
5	1.0		JNAKOBFD_06387	MC	JNAKOBFD_06387		D1,248 bp	AU1064						large_deletion
