seq id	position	alt	aminoAlt	aminoRef	annotation	codonAlt	codonRef	description	evidence	freq	gene	locusTag	mutation	mutationCategory	ref	sampleId	sampleName
AM180355	103225.0	T	G	G	G114G (GGG-GGT)	GGT	GGG	50S ribosomal protein L3	RA		rplC -	CD630_00730	G-T	snp_synonymous	G	630_dErm	630_dErm
AM180355	690658.0	T			intergenic (-126/+35)			conserved hypothetical protein/Transporter, Major Facilitator Superfamily (MFS)	RA		CD630_05770 - / - CD630_05780	CD630_05770/CD630_05780	A-T	snp_intergenic	A	630_dErm	630_dErm
AM180355	1000995.0	G	A	T	T41A (ACT-GCT)	GCT	ACT	putative ferric-uptake regulator	RA		CD630_08260 -	CD630_08260	A-G	snp_nonsynonymous	A	630_dErm	630_dErm
AM180355	1391850.0	C	L	F	F133L (TTT-CTT)	CTT	TTT	putative acetyltransferase	RA		CD630_11900 -	CD630_11900	T-C	snp_nonsynonymous	T	630_dErm	630_dErm
AM180355	1413077.0	AATGTAGGAAATATAGAGA			coding (481/825 nt)			Stage 0 sporulation protein A	JC		spo0A -	CD630_12140	(ATGTAGGAAATATAGAGA)1-2	small_indel	A	630_dErm	630_dErm
AM180355	1607458.0	TT			coding (40/45 nt)			putative trancriptional regulator	RA		CD630_13880 -	CD630_13880	(T)6-7	small_indel	T	630_dErm	630_dErm
AM180355	2044514.0	G	A	P	P33A (CCC-GCC)	GCC	CCC	Glyceraldehyde-3-phosphate dehydrogenase (GAPDH)	RA		gapB -	CD630_17670	C-G	snp_nonsynonymous	C	630_dErm	630_dErm
AM180355	2203033.0	T			intergenic (-160/-294)			conserved hypothetical protein/Transcriptional regulator, Phage-type	RA		CD630_19000 - / - CD630_19010	CD630_19000/CD630_19010	A-T	snp_intergenic	A	630_dErm	630_dErm
AM180355	2209236.0	A	E	G	G252E (GGA-GAA)	GAA	GGA	Ethanolamine iron-dependent Alcohol dehydrogenase	RA		eutG -	CD630_19070	G-A	snp_nonsynonymous	G	630_dErm	630_dErm
AM180355	2317719.0				between duplicated region within Tn5398			[CD630_20071], CD630_20080, CD630_20090, CD630_20091, ermB1	MC		[CD630_20071]-ermB1	[CD630_20071]–[CD630_20100]	D2,407 bp	large_deletion		630_dErm	630_dErm
AM180355	2924655.0	T	E	E	E304E (GAG-GAA)	GAA	GAG	Aminotransferase, alanine--glyoxylate transaminase	RA		CD630_25320 -	CD630_25320	C-T	snp_synonymous	C	630_dErm	630_dErm
AM180355	2937176.0	A			intergenic (-295/-46)			Coenzyme A disulfide reductase/Sodium:glutamate/aspartate symporter family	RA		CD630_25400 - / - CD630_25410	CD630_25400/CD630_25410	C-A	snp_intergenic	C	630_dErm	630_dErm
AM180355	3005866.0	G			intergenic (-23/+287)			Lipoprotein signal peptidase (Prolipoprotein signal peptidase) (Signal peptidase II) (SPase II)/putative oligosaccharide deacetylase	RA		lspA - / - CD630_25980	CD630_25970/CD630_25980	T-G	snp_intergenic	T	630_dErm	630_dErm
AM180355	3034953.0	A	C	G	G68C (GGT-TGT)	TGT	GGT	conserved hypothetical protein	RA		CD630_26270 -	CD630_26270	C-A	snp_nonsynonymous	C	630_dErm	630_dErm
AM180355	3080703.0	T	I	V	V228I (GTT-ATT)	ATT	GTT	PTS system, glucose-specific IIBC component	RA		ptsG-BC -	CD630_26670	C-T	snp_nonsynonymous	C	630_dErm	630_dErm
AM180355	3239815.0				intergenic (-112/+228)			putative membrane protein/putative cell surface protein cwp5	RA		CD630_27850 - / - cwp5	CD630_27850/CD630_27860	D2 bp	small_indel		630_dErm	630_dErm
AM180355	3591103.0	A			intergenic (-100/-291)			PTS system, glucose-like IIBC component/Transcriptional regulator, GntR family	RA		CD630_30890 - / - treR	CD630_30890/CD630_30900	G-A	snp_intergenic	G	630_dErm	630_dErm
AM180355	3686534.0	TA			coding (309/339 nt)			Fragment of conserved hypothetical protein	RA		CD630_31561 -	CD630_31561	+A	small_indel	T	630_dErm	630_dErm
AM180355	3753211.0				between repeat_region			putative membrane protein/putative multi antimicrobial extrusion protein,MatE family	MC		CD630_32060 - / - CD630_32070	CD630_32060/CD630_32070	D360 bp	large_deletion		630_dErm	630_dErm
AM180355	3967522.0				coding (1330/1365 nt)			23S rRNA (uracil-5-)-methyltransferase RumA (23S rRNA(M-5-U1939)-methyltransferase)	JC JC		rumA -	CD630_33930	D2 bp :: repeat_region (-) :: D3 bp	mobile_element_insertion		630_dErm	630_dErm
AM180355	4007462.0	TC			intergenic (-30/+230)			23S ribosomal RNA/16S ribosomal RNA	RA		23s rRNA - / - 16s rRNA	CD630_r0280/CD630_r0290	+C	small_indel	T	630_dErm	630_dErm
AM180355	4007603.0	G			intergenic (-171/+89)			23S ribosomal RNA/16S ribosomal RNA	RA		23s rRNA - / - 16s rRNA	CD630_r0280/CD630_r0290	A-G	snp_intergenic	A	630_dErm	630_dErm
AM180355	4166495.0	A	V	A	A91V (GCA-GTA)	GTA	GCA	Transcriptional regulator, GntR family	RA		CD630_35650 -	CD630_35650	G-A	snp_nonsynonymous	G	630_dErm	630_dErm
AM180355	103225.0	T	G	G	G114G (GGG-GGT)	GGT	GGG	50S ribosomal protein L3	RA		rplC -	CD630_00730	G-T	snp_synonymous	G	I63A_2	I63A_2
AM180355	297392.0	A	N	D	D252N (GAT-AAT)	AAT	GAT	Flagellar hook-associated protein FlgL (or HAP3)	RA		flgL -	CD630_02320	G-A	snp_nonsynonymous	G	I63A_2	I63A_2
AM180355	690658.0	T			intergenic (-126/+35)			conserved hypothetical protein/Transporter, Major Facilitator Superfamily (MFS)	RA		CD630_05770 - / - CD630_05780	CD630_05770/CD630_05780	A-T	snp_intergenic	A	I63A_2	I63A_2
AM180355	849274.0				between repeat_region			putative tRNA/rRNA methyltransferase, SpoU/Phenylalanyl-tRNA synthetase alpha chain (Phenylalanine--tRNA ligase alpha chain) (PheRS)	MC		CD630_06980 - / - pheS	CD630_06980/CD630_06990	D84 bp	large_deletion		I63A_2	I63A_2
AM180355	1000995.0	G	A	T	T41A (ACT-GCT)	GCT	ACT	putative ferric-uptake regulator	RA		CD630_08260 -	CD630_08260	A-G	snp_nonsynonymous	A	I63A_2	I63A_2
AM180355	1391850.0	C	L	F	F133L (TTT-CTT)	CTT	TTT	putative acetyltransferase	RA		CD630_11900 -	CD630_11900	T-C	snp_nonsynonymous	T	I63A_2	I63A_2
AM180355	1412783.0	GC			coding (187-188/825 nt)			Stage 0 sporulation protein A	RA		spo0A -	CD630_12140	2 bp-GC	small_indel	AT	I63A_2	I63A_2
AM180355	1413077.0	AATGTAGGAAATATAGAGA			coding (481/825 nt)			Stage 0 sporulation protein A	JC		spo0A -	CD630_12140	(ATGTAGGAAATATAGAGA)1-2	small_indel	A	I63A_2	I63A_2
AM180355	1607458.0	TT			coding (40/45 nt)			putative trancriptional regulator	RA		CD630_13880 -	CD630_13880	(T)6-7	small_indel	T	I63A_2	I63A_2
AM180355	2044514.0	G	A	P	P33A (CCC-GCC)	GCC	CCC	Glyceraldehyde-3-phosphate dehydrogenase (GAPDH)	RA		gapB -	CD630_17670	C-G	snp_nonsynonymous	C	I63A_2	I63A_2
AM180355	2203033.0	T			intergenic (-160/-294)			conserved hypothetical protein/Transcriptional regulator, Phage-type	RA		CD630_19000 - / - CD630_19010	CD630_19000/CD630_19010	A-T	snp_intergenic	A	I63A_2	I63A_2
AM180355	2209236.0	A	E	G	G252E (GGA-GAA)	GAA	GGA	Ethanolamine iron-dependent Alcohol dehydrogenase	RA		eutG -	CD630_19070	G-A	snp_nonsynonymous	G	I63A_2	I63A_2
AM180355	2317719.0				between duplicated region within Tn5398			[CD630_20071], CD630_20080, CD630_20090, CD630_20091, ermB1	MC		[CD630_20071]-ermB1	[CD630_20071]–[CD630_20100]	D2,407 bp	large_deletion		I63A_2	I63A_2
AM180355	2924655.0	T	E	E	E304E (GAG-GAA)	GAA	GAG	Aminotransferase, alanine--glyoxylate transaminase	RA		CD630_25320 -	CD630_25320	C-T	snp_synonymous	C	I63A_2	I63A_2
AM180355	3005866.0	G			intergenic (-23/+287)			Lipoprotein signal peptidase (Prolipoprotein signal peptidase) (Signal peptidase II) (SPase II)/putative oligosaccharide deacetylase	RA		lspA - / - CD630_25980	CD630_25970/CD630_25980	T-G	snp_intergenic	T	I63A_2	I63A_2
AM180355	3034953.0	A	C	G	G68C (GGT-TGT)	TGT	GGT	conserved hypothetical protein	RA		CD630_26270 -	CD630_26270	C-A	snp_nonsynonymous	C	I63A_2	I63A_2
AM180355	3080703.0	T	I	V	V228I (GTT-ATT)	ATT	GTT	PTS system, glucose-specific IIBC component	RA		ptsG-BC -	CD630_26670	C-T	snp_nonsynonymous	C	I63A_2	I63A_2
AM180355	3591103.0	A			intergenic (-100/-291)			PTS system, glucose-like IIBC component/Transcriptional regulator, GntR family	RA		CD630_30890 - / - treR	CD630_30890/CD630_30900	G-A	snp_intergenic	G	I63A_2	I63A_2
AM180355	3686534.0	TA			coding (309/339 nt)			Fragment of conserved hypothetical protein	RA		CD630_31561 -	CD630_31561	+A	small_indel	T	I63A_2	I63A_2
AM180355	4007462.0	TC			intergenic (-30/+230)			23S ribosomal RNA/16S ribosomal RNA	RA		23s rRNA - / - 16s rRNA	CD630_r0280/CD630_r0290	+C	small_indel	T	I63A_2	I63A_2
AM180355	4007603.0	G			intergenic (-171/+89)			23S ribosomal RNA/16S ribosomal RNA	RA		23s rRNA - / - 16s rRNA	CD630_r0280/CD630_r0290	A-G	snp_intergenic	A	I63A_2	I63A_2
AM180355	4166495.0	A	V	A	A91V (GCA-GTA)	GTA	GCA	Transcriptional regulator, GntR family	RA		CD630_35650 -	CD630_35650	G-A	snp_nonsynonymous	G	I63A_2	I63A_2
AM180355	103225.0	T	G	G	G114G (GGG-GGT)	GGT	GGG	50S ribosomal protein L3	RA		rplC -	CD630_00730	G-T	snp_synonymous	G	M64_1	M64_1
AM180355	198829.0	A	K	E	E308K (GAG-AAG)	AAG	GAG	uncharacterised protein	RA		CD630_01480 -	CD630_01480	G-A	snp_nonsynonymous	G	M64_1	M64_1
AM180355	235581.0	T			intergenic (-15/-258)			Cyclopropane-fatty-acyl-phospholipid synthase/putative ATPase	RA		cfa - / - CD630_01780	CD630_01770/CD630_01780	C-T	snp_intergenic	C	M64_1	M64_1
AM180355	243493.0	A			intergenic (+17/-22)			Aspartate carbamoyltransferase (Aspartate transcarbamylase) (ATCase)/Dihydroorotate dehydrogenase electron transfer subunit	RA		pyrB - / - pyrK	CD630_01840/CD630_01850	G-A	snp_intergenic	G	M64_1	M64_1
AM180355	344521.0	T	V	A	A202V (GCG-GTG)	GTG	GCG	Transcription antiterminator, PTS operon regulator	RA		CD630_02830 -	CD630_02830	C-T	snp_nonsynonymous	C	M64_1	M64_1
AM180355	690658.0	T			intergenic (-126/+35)			conserved hypothetical protein/Transporter, Major Facilitator Superfamily (MFS)	RA		CD630_05770 - / - CD630_05780	CD630_05770/CD630_05780	A-T	snp_intergenic	A	M64_1	M64_1
AM180355	812963.0				between repeat_region			Two-component sensor histidine kinase/Transcriptional regulator, beta-lactams repressor	MC		CD630_06690 - / - CD630_06700	CD630_06690/CD630_06700	D225 bp	large_deletion		M64_1	M64_1
AM180355	830795.0				between repeat_region			putative ATP-dependent peptidase, M41 family/Translation initiation factor IF-3	MC		CD630_06840 - / - infC	CD630_06840/CD630_06850	D42 bp	small_indel		M64_1	M64_1
AM180355	932956.0	A	T	A	A75T (GCT-ACT)	ACT	GCT	putative ATP-dependent RNA helicase	RA		CD630_07610 -	CD630_07610	G-A	snp_nonsynonymous	G	M64_1	M64_1
AM180355	1000995.0	G	A	T	T41A (ACT-GCT)	GCT	ACT	putative ferric-uptake regulator	RA		CD630_08260 -	CD630_08260	A-G	snp_nonsynonymous	A	M64_1	M64_1
AM180355	1153449.0	A	K	E	E157K (GAA-AAA)	AAA	GAA	2-isopropylmalate synthase	RA		leuA -	CD630_09890	G-A	snp_nonsynonymous	G	M64_1	M64_1
AM180355	1160769.0	A	K	K	K221K (AAG-AAA)	AAA	AAG	putative D-3-phosphoglycerate dehydrogenase	RA		serA -	CD630_09950	G-A	snp_synonymous	G	M64_1	M64_1
AM180355	1177911.0	A	Y	C	C3Y (TGT-TAT)	TAT	TGT	N-acetylglucosamine-6-phosphate deacetylase (GlcNAc 6-P deacetylase)	RA		nagA -	CD630_10100	G-A	snp_nonsynonymous	G	M64_1	M64_1
AM180355	1391850.0	C	L	F	F133L (TTT-CTT)	CTT	TTT	putative acetyltransferase	RA		CD630_11900 -	CD630_11900	T-C	snp_nonsynonymous	T	M64_1	M64_1
AM180355	1412786.0	GCA			coding (190-192/825 nt)			Stage 0 sporulation protein A	RA		spo0A -	CD630_12140	3 bp-GCA	small_indel	ATG	M64_1	M64_1
AM180355	1607458.0	TT			coding (40/45 nt)			putative trancriptional regulator	RA		CD630_13880 -	CD630_13880	(T)6-7	small_indel	T	M64_1	M64_1
AM180355	1770338.0	A	V	A	A399V (GCC-GTC)	GTC	GCC	ABC-type transport system, permease	RA		CD630_15270 -	CD630_15270	G-A	snp_nonsynonymous	G	M64_1	M64_1
AM180355	1831396.0	A			intergenic (+544/-165)			Two-component sensor histidine kinase,sporulation-associated spo0A/Homoserine dehydrogenase	RA		CD630_15790 - / - hom2	CD630_15790/CD630_15800	G-A	snp_intergenic	G	M64_1	M64_1
AM180355	2044514.0	G	A	P	P33A (CCC-GCC)	GCC	CCC	Glyceraldehyde-3-phosphate dehydrogenase (GAPDH)	RA		gapB -	CD630_17670	C-G	snp_nonsynonymous	C	M64_1	M64_1
AM180355	2209236.0	A	E	G	G252E (GGA-GAA)	GAA	GGA	Ethanolamine iron-dependent Alcohol dehydrogenase	RA		eutG -	CD630_19070	G-A	snp_nonsynonymous	G	M64_1	M64_1
AM180355	2267796.0	A	L	S	S227L (TCA-TTA)	TTA	TCA	putative acyl-CoA thioesterase	RA		CD630_19660 -	CD630_19660	G-A	snp_nonsynonymous	G	M64_1	M64_1
AM180355	2317719.0				between duplicated region within Tn5398			[CD630_20071], CD630_20080, CD630_20090, CD630_20091, ermB1	MC		[CD630_20071]-ermB1	[CD630_20071]–[CD630_20100]	D2,407 bp	large_deletion		M64_1	M64_1
AM180355	2924655.0	T	E	E	E304E (GAG-GAA)	GAA	GAG	Aminotransferase, alanine--glyoxylate transaminase	RA		CD630_25320 -	CD630_25320	C-T	snp_synonymous	C	M64_1	M64_1
AM180355	3005866.0	G			intergenic (-23/+287)			Lipoprotein signal peptidase (Prolipoprotein signal peptidase) (Signal peptidase II) (SPase II)/putative oligosaccharide deacetylase	RA		lspA - / - CD630_25980	CD630_25970/CD630_25980	T-G	snp_intergenic	T	M64_1	M64_1
AM180355	3024118.0	T	K	K	K40K (AAG-AAA)	AAA	AAG	putative membrane protein	RA		CD630_26170 -	CD630_26170	C-T	snp_synonymous	C	M64_1	M64_1
AM180355	3034953.0	A	C	G	G68C (GGT-TGT)	TGT	GGT	conserved hypothetical protein	RA		CD630_26270 -	CD630_26270	C-A	snp_nonsynonymous	C	M64_1	M64_1
AM180355	3080703.0	T	I	V	V228I (GTT-ATT)	ATT	GTT	PTS system, glucose-specific IIBC component	RA		ptsG-BC -	CD630_26670	C-T	snp_nonsynonymous	C	M64_1	M64_1
AM180355	3591103.0	A			intergenic (-100/-291)			PTS system, glucose-like IIBC component/Transcriptional regulator, GntR family	RA		CD630_30890 - / - treR	CD630_30890/CD630_30900	G-A	snp_intergenic	G	M64_1	M64_1
AM180355	3686534.0	TA			coding (309/339 nt)			Fragment of conserved hypothetical protein	RA		CD630_31561 -	CD630_31561	+A	small_indel	T	M64_1	M64_1
AM180355	3743232.0	T	F	S	S195F (TCT-TTT)	TTT	TCT	Transcriptional regulator, MerR family	RA		CD630_31970 -	CD630_31970	C-T	snp_nonsynonymous	C	M64_1	M64_1
AM180355	3753211.0				between repeat_region			putative membrane protein/putative multi antimicrobial extrusion protein,MatE family	MC		CD630_32060 - / - CD630_32070	CD630_32060/CD630_32070	D180 bp	large_deletion		M64_1	M64_1
AM180355	3812644.0	T	I	V	V428I (GTA-ATA)	ATA	GTA	valyl-tRNA synthetase	RA		valS -	CD630_32560	C-T	snp_nonsynonymous	C	M64_1	M64_1
AM180355	3852769.0	A	S	P	P20S (CCA-TCA)	TCA	CCA	conserved hypothetical protein	RA		CD630_32890 -	CD630_32890	G-A	snp_nonsynonymous	G	M64_1	M64_1
AM180355	3854379.0	T	K	E	E135K (GAA-AAA)	AAA	GAA	conserved hypothetical protein	RA		CD630_32910 -	CD630_32910	C-T	snp_nonsynonymous	C	M64_1	M64_1
AM180355	3869497.0	T	N	D	D57N (GAC-AAC)	AAC	GAC	ATP-dependent Clp protease proteolytic subunit 1	RA		clpP1 -	CD630_33050	C-T	snp_nonsynonymous	C	M64_1	M64_1
AM180355	3952410.0	A	F	S	S121F (TCT-TTT)	TTT	TCT	putative cell wall hydrolase Tn916-like,CTn7-Orf16	RA		CD630_33800 -	CD630_33800	G-A	snp_nonsynonymous	G	M64_1	M64_1
AM180355	3967522.0				coding (1330/1365 nt)			23S rRNA (uracil-5-)-methyltransferase RumA (23S rRNA(M-5-U1939)-methyltransferase)	JC JC		rumA -	CD630_33930	D2 bp :: repeat_region (-) :: D3 bp	mobile_element_insertion		M64_1	M64_1
AM180355	3995769.0	T	K	E	E135K (GAA-AAA)	AAA	GAA	Excinuclease ABC subunit A	RA		uvrA -	CD630_34110	C-T	snp_nonsynonymous	C	M64_1	M64_1
AM180355	4007462.0	TC			intergenic (-30/+230)			23S ribosomal RNA/16S ribosomal RNA	RA		23s rRNA - / - 16s rRNA	CD630_r0280/CD630_r0290	+C	small_indel	T	M64_1	M64_1
AM180355	4007603.0	G			intergenic (-171/+89)			23S ribosomal RNA/16S ribosomal RNA	RA		23s rRNA - / - 16s rRNA	CD630_r0280/CD630_r0290	A-G	snp_intergenic	A	M64_1	M64_1
AM180355	4166495.0	A	V	A	A91V (GCA-GTA)	GTA	GCA	Transcriptional regulator, GntR family	RA		CD630_35650 -	CD630_35650	G-A	snp_nonsynonymous	G	M64_1	M64_1
AM180355	4282565.0	A	F	L	L166F (CTT-TTT)	TTT	CTT	putative stage 0 sporulation protein,DNA-binding protein Spo0J-like	RA		CD630_36730 -	CD630_36730	G-A	snp_nonsynonymous	G	M64_1	M64_1
AM180355	103225.0	T	G	G	G114G (GGG-GGT)	GGT	GGG	50S ribosomal protein L3	RA		rplC -	CD630_00730	G-T	snp_synonymous	G	M64_123	M64_123
AM180355	689423.0				between repeat_region			two-component sensor histidine kinase/conserved hypothetical protein	MC		CD630_05760 - / - CD630_05770	CD630_05760/CD630_05770	D225 bp	large_deletion		M64_123	M64_123
AM180355	690658.0	T			intergenic (-126/+35)			conserved hypothetical protein/Transporter, Major Facilitator Superfamily (MFS)	RA		CD630_05770 - / - CD630_05780	CD630_05770/CD630_05780	A-T	snp_intergenic	A	M64_123	M64_123
AM180355	1000995.0	G	A	T	T41A (ACT-GCT)	GCT	ACT	putative ferric-uptake regulator	RA		CD630_08260 -	CD630_08260	A-G	snp_nonsynonymous	A	M64_123	M64_123
AM180355	1391850.0	C	L	F	F133L (TTT-CTT)	CTT	TTT	putative acetyltransferase	RA		CD630_11900 -	CD630_11900	T-C	snp_nonsynonymous	T	M64_123	M64_123
AM180355	1412786.0	GCA			coding (190-192/825 nt)			Stage 0 sporulation protein A	RA		spo0A -	CD630_12140	3 bp-GCA	small_indel	ATG	M64_123	M64_123
AM180355	1607458.0	TT			coding (40/45 nt)			putative trancriptional regulator	RA		CD630_13880 -	CD630_13880	(T)6-7	small_indel	T	M64_123	M64_123
AM180355	2044514.0	G	A	P	P33A (CCC-GCC)	GCC	CCC	Glyceraldehyde-3-phosphate dehydrogenase (GAPDH)	RA		gapB -	CD630_17670	C-G	snp_nonsynonymous	C	M64_123	M64_123
AM180355	2203033.0	T			intergenic (-160/-294)			conserved hypothetical protein/Transcriptional regulator, Phage-type	RA		CD630_19000 - / - CD630_19010	CD630_19000/CD630_19010	A-T	snp_intergenic	A	M64_123	M64_123
AM180355	2209236.0	A	E	G	G252E (GGA-GAA)	GAA	GGA	Ethanolamine iron-dependent Alcohol dehydrogenase	RA		eutG -	CD630_19070	G-A	snp_nonsynonymous	G	M64_123	M64_123
AM180355	2317719.0				between duplicated region within Tn5398			[CD630_20071], CD630_20080, CD630_20090, CD630_20091, ermB1	MC		[CD630_20071]-ermB1	[CD630_20071]–[CD630_20100]	D2,407 bp	large_deletion		M64_123	M64_123
AM180355	2924655.0	T	E	E	E304E (GAG-GAA)	GAA	GAG	Aminotransferase, alanine--glyoxylate transaminase	RA		CD630_25320 -	CD630_25320	C-T	snp_synonymous	C	M64_123	M64_123
AM180355	3005866.0	G			intergenic (-23/+287)			Lipoprotein signal peptidase (Prolipoprotein signal peptidase) (Signal peptidase II) (SPase II)/putative oligosaccharide deacetylase	RA		lspA - / - CD630_25980	CD630_25970/CD630_25980	T-G	snp_intergenic	T	M64_123	M64_123
AM180355	3034953.0	A	C	G	G68C (GGT-TGT)	TGT	GGT	conserved hypothetical protein	RA		CD630_26270 -	CD630_26270	C-A	snp_nonsynonymous	C	M64_123	M64_123
AM180355	3080703.0	T	I	V	V228I (GTT-ATT)	ATT	GTT	PTS system, glucose-specific IIBC component	RA		ptsG-BC -	CD630_26670	C-T	snp_nonsynonymous	C	M64_123	M64_123
AM180355	3591103.0	A			intergenic (-100/-291)			PTS system, glucose-like IIBC component/Transcriptional regulator, GntR family	RA		CD630_30890 - / - treR	CD630_30890/CD630_30900	G-A	snp_intergenic	G	M64_123	M64_123
AM180355	3686534.0	TA			coding (309/339 nt)			Fragment of conserved hypothetical protein	RA		CD630_31561 -	CD630_31561	+A	small_indel	T	M64_123	M64_123
AM180355	3967522.0				coding (1330/1365 nt)			23S rRNA (uracil-5-)-methyltransferase RumA (23S rRNA(M-5-U1939)-methyltransferase)	JC JC		rumA -	CD630_33930	D2 bp :: repeat_region (-) :: D3 bp	mobile_element_insertion		M64_123	M64_123
AM180355	4007462.0	TC			intergenic (-30/+230)			23S ribosomal RNA/16S ribosomal RNA	RA		23s rRNA - / - 16s rRNA	CD630_r0280/CD630_r0290	+C	small_indel	T	M64_123	M64_123
AM180355	4007603.0	G			intergenic (-171/+89)			23S ribosomal RNA/16S ribosomal RNA	RA		23s rRNA - / - 16s rRNA	CD630_r0280/CD630_r0290	A-G	snp_intergenic	A	M64_123	M64_123
AM180355	4166495.0	A	V	A	A91V (GCA-GTA)	GTA	GCA	Transcriptional regulator, GntR family	RA		CD630_35650 -	CD630_35650	G-A	snp_nonsynonymous	G	M64_123	M64_123
AM180355	103225.0	T	G	G	G114G (GGG-GGT)	GGT	GGG	50S ribosomal protein L3	RA		rplC -	CD630_00730	G-T	snp_synonymous	G	M64_46	M64_46
AM180355	690658.0	T			intergenic (-126/+35)			conserved hypothetical protein/Transporter, Major Facilitator Superfamily (MFS)	RA		CD630_05770 - / - CD630_05780	CD630_05770/CD630_05780	A-T	snp_intergenic	A	M64_46	M64_46
AM180355	1000995.0	G	A	T	T41A (ACT-GCT)	GCT	ACT	putative ferric-uptake regulator	RA		CD630_08260 -	CD630_08260	A-G	snp_nonsynonymous	A	M64_46	M64_46
AM180355	1391850.0	C	L	F	F133L (TTT-CTT)	CTT	TTT	putative acetyltransferase	RA		CD630_11900 -	CD630_11900	T-C	snp_nonsynonymous	T	M64_46	M64_46
AM180355	1412786.0	GCA			coding (190-192/825 nt)			Stage 0 sporulation protein A	RA		spo0A -	CD630_12140	3 bp-GCA	small_indel	ATG	M64_46	M64_46
AM180355	1607458.0	TT			coding (40/45 nt)			putative trancriptional regulator	RA		CD630_13880 -	CD630_13880	(T)6-7	small_indel	T	M64_46	M64_46
AM180355	2044514.0	G	A	P	P33A (CCC-GCC)	GCC	CCC	Glyceraldehyde-3-phosphate dehydrogenase (GAPDH)	RA		gapB -	CD630_17670	C-G	snp_nonsynonymous	C	M64_46	M64_46
AM180355	2203033.0	T			intergenic (-160/-294)			conserved hypothetical protein/Transcriptional regulator, Phage-type	RA		CD630_19000 - / - CD630_19010	CD630_19000/CD630_19010	A-T	snp_intergenic	A	M64_46	M64_46
AM180355	2209236.0	A	E	G	G252E (GGA-GAA)	GAA	GGA	Ethanolamine iron-dependent Alcohol dehydrogenase	RA		eutG -	CD630_19070	G-A	snp_nonsynonymous	G	M64_46	M64_46
AM180355	2317719.0				between duplicated region within Tn5398			[CD630_20071], CD630_20080, CD630_20090, CD630_20091, ermB1	MC		[CD630_20071]-ermB1	[CD630_20071]–[CD630_20100]	D2,407 bp	large_deletion		M64_46	M64_46
AM180355	2924655.0	T	E	E	E304E (GAG-GAA)	GAA	GAG	Aminotransferase, alanine--glyoxylate transaminase	RA		CD630_25320 -	CD630_25320	C-T	snp_synonymous	C	M64_46	M64_46
AM180355	2937176.0	A			intergenic (-295/-46)			Coenzyme A disulfide reductase/Sodium:glutamate/aspartate symporter family	RA		CD630_25400 - / - CD630_25410	CD630_25400/CD630_25410	C-A	snp_intergenic	C	M64_46	M64_46
AM180355	3005866.0	G			intergenic (-23/+287)			Lipoprotein signal peptidase (Prolipoprotein signal peptidase) (Signal peptidase II) (SPase II)/putative oligosaccharide deacetylase	RA		lspA - / - CD630_25980	CD630_25970/CD630_25980	T-G	snp_intergenic	T	M64_46	M64_46
AM180355	3034953.0	A	C	G	G68C (GGT-TGT)	TGT	GGT	conserved hypothetical protein	RA		CD630_26270 -	CD630_26270	C-A	snp_nonsynonymous	C	M64_46	M64_46
AM180355	3080703.0	T	I	V	V228I (GTT-ATT)	ATT	GTT	PTS system, glucose-specific IIBC component	RA		ptsG-BC -	CD630_26670	C-T	snp_nonsynonymous	C	M64_46	M64_46
AM180355	3239803.0				intergenic (-100/+240)			putative membrane protein/putative cell surface protein cwp5	RA		CD630_27850 - / - cwp5	CD630_27850/CD630_27860	D2 bp	small_indel		M64_46	M64_46
AM180355	3591103.0	A			intergenic (-100/-291)			PTS system, glucose-like IIBC component/Transcriptional regulator, GntR family	RA		CD630_30890 - / - treR	CD630_30890/CD630_30900	G-A	snp_intergenic	G	M64_46	M64_46
AM180355	3686534.0	TA			coding (309/339 nt)			Fragment of conserved hypothetical protein	RA		CD630_31561 -	CD630_31561	+A	small_indel	T	M64_46	M64_46
AM180355	3967522.0				coding (1330/1365 nt)			23S rRNA (uracil-5-)-methyltransferase RumA (23S rRNA(M-5-U1939)-methyltransferase)	JC JC		rumA -	CD630_33930	D2 bp :: repeat_region (-) :: D3 bp	mobile_element_insertion		M64_46	M64_46
AM180355	4007603.0	G			intergenic (-171/+89)			23S ribosomal RNA/16S ribosomal RNA	RA		23s rRNA - / - 16s rRNA	CD630_r0280/CD630_r0290	A-G	snp_intergenic	A	M64_46	M64_46
AM180355	4166495.0	A	V	A	A91V (GCA-GTA)	GTA	GCA	Transcriptional regulator, GntR family	RA		CD630_35650 -	CD630_35650	G-A	snp_nonsynonymous	G	M64_46	M64_46
AM180355	103225.0	T	G	G	G114G (GGG-GGT)	GGT	GGG	50S ribosomal protein L3	RA		rplC -	CD630_00730	G-T	snp_synonymous	G	M64_49	M64_49
AM180355	690658.0	T			intergenic (-126/+35)			conserved hypothetical protein/Transporter, Major Facilitator Superfamily (MFS)	RA		CD630_05770 - / - CD630_05780	CD630_05770/CD630_05780	A-T	snp_intergenic	A	M64_49	M64_49
AM180355	1000995.0	G	A	T	T41A (ACT-GCT)	GCT	ACT	putative ferric-uptake regulator	RA		CD630_08260 -	CD630_08260	A-G	snp_nonsynonymous	A	M64_49	M64_49
AM180355	1391850.0	C	L	F	F133L (TTT-CTT)	CTT	TTT	putative acetyltransferase	RA		CD630_11900 -	CD630_11900	T-C	snp_nonsynonymous	T	M64_49	M64_49
AM180355	1412786.0	GCA			coding (190-192/825 nt)			Stage 0 sporulation protein A	RA		spo0A -	CD630_12140	3 bp-GCA	small_indel	ATG	M64_49	M64_49
AM180355	1607458.0	TT			coding (40/45 nt)			putative trancriptional regulator	RA		CD630_13880 -	CD630_13880	(T)6-7	small_indel	T	M64_49	M64_49
AM180355	2044514.0	G	A	P	P33A (CCC-GCC)	GCC	CCC	Glyceraldehyde-3-phosphate dehydrogenase (GAPDH)	RA		gapB -	CD630_17670	C-G	snp_nonsynonymous	C	M64_49	M64_49
AM180355	2203033.0	T			intergenic (-160/-294)			conserved hypothetical protein/Transcriptional regulator, Phage-type	RA		CD630_19000 - / - CD630_19010	CD630_19000/CD630_19010	A-T	snp_intergenic	A	M64_49	M64_49
AM180355	2209236.0	A	E	G	G252E (GGA-GAA)	GAA	GGA	Ethanolamine iron-dependent Alcohol dehydrogenase	RA		eutG -	CD630_19070	G-A	snp_nonsynonymous	G	M64_49	M64_49
AM180355	2317719.0				between duplicated region within Tn5398			[CD630_20071], CD630_20080, CD630_20090, CD630_20091, ermB1	MC		[CD630_20071]-ermB1	[CD630_20071]–[CD630_20100]	D2,407 bp	large_deletion		M64_49	M64_49
AM180355	2924655.0	T	E	E	E304E (GAG-GAA)	GAA	GAG	Aminotransferase, alanine--glyoxylate transaminase	RA		CD630_25320 -	CD630_25320	C-T	snp_synonymous	C	M64_49	M64_49
AM180355	3005866.0	G			intergenic (-23/+287)			Lipoprotein signal peptidase (Prolipoprotein signal peptidase) (Signal peptidase II) (SPase II)/putative oligosaccharide deacetylase	RA		lspA - / - CD630_25980	CD630_25970/CD630_25980	T-G	snp_intergenic	T	M64_49	M64_49
AM180355	3034953.0	A	C	G	G68C (GGT-TGT)	TGT	GGT	conserved hypothetical protein	RA		CD630_26270 -	CD630_26270	C-A	snp_nonsynonymous	C	M64_49	M64_49
AM180355	3080703.0	T	I	V	V228I (GTT-ATT)	ATT	GTT	PTS system, glucose-specific IIBC component	RA		ptsG-BC -	CD630_26670	C-T	snp_nonsynonymous	C	M64_49	M64_49
AM180355	3591103.0	A			intergenic (-100/-291)			PTS system, glucose-like IIBC component/Transcriptional regulator, GntR family	RA		CD630_30890 - / - treR	CD630_30890/CD630_30900	G-A	snp_intergenic	G	M64_49	M64_49
AM180355	3686534.0	TA			coding (309/339 nt)			Fragment of conserved hypothetical protein	RA		CD630_31561 -	CD630_31561	+A	small_indel	T	M64_49	M64_49
AM180355	3753211.0				between repeat_region			putative membrane protein/putative multi antimicrobial extrusion protein,MatE family	MC		CD630_32060 - / - CD630_32070	CD630_32060/CD630_32070	D315 bp	large_deletion		M64_49	M64_49
AM180355	3967522.0				coding (1330/1365 nt)			23S rRNA (uracil-5-)-methyltransferase RumA (23S rRNA(M-5-U1939)-methyltransferase)	JC JC		rumA -	CD630_33930	D2 bp :: repeat_region (-) :: D3 bp	mobile_element_insertion		M64_49	M64_49
AM180355	4007216.0	C			noncoding (217/2900 nt)			23S ribosomal RNA	RA		23s rRNA -	CD630_r0280	T-C	snp_noncoding	T	M64_49	M64_49
AM180355	4007226.0	T			noncoding (207/2900 nt)			23S ribosomal RNA	RA		23s rRNA -	CD630_r0280	G-T	snp_noncoding	G	M64_49	M64_49
AM180355	4007256.0	AT			noncoding (176-177/2900 nt)			23S ribosomal RNA	RA		23s rRNA -	CD630_r0280	2 bp-AT	small_indel	CC	M64_49	M64_49
AM180355	4007262.0	C			noncoding (171/2900 nt)			23S ribosomal RNA	RA		23s rRNA -	CD630_r0280	T-C	snp_noncoding	T	M64_49	M64_49
AM180355	4007462.0	TC			intergenic (-30/+230)			23S ribosomal RNA/16S ribosomal RNA	RA		23s rRNA - / - 16s rRNA	CD630_r0280/CD630_r0290	+C	small_indel	T	M64_49	M64_49
AM180355	4007603.0	G			intergenic (-171/+89)			23S ribosomal RNA/16S ribosomal RNA	RA		23s rRNA - / - 16s rRNA	CD630_r0280/CD630_r0290	A-G	snp_intergenic	A	M64_49	M64_49
AM180355	4166495.0	A	V	A	A91V (GCA-GTA)	GTA	GCA	Transcriptional regulator, GntR family	RA		CD630_35650 -	CD630_35650	G-A	snp_nonsynonymous	G	M64_49	M64_49
AM180355	103225.0	T	G	G	G114G (GGG-GGT)	GGT	GGG	50S ribosomal protein L3	RA		rplC -	CD630_00730	G-T	snp_synonymous	G	MC848	MC848
AM180355	690658.0	T			intergenic (-126/+35)			conserved hypothetical protein/Transporter, Major Facilitator Superfamily (MFS)	RA		CD630_05770 - / - CD630_05780	CD630_05770/CD630_05780	A-T	snp_intergenic	A	MC848	MC848
AM180355	1000995.0	G	A	T	T41A (ACT-GCT)	GCT	ACT	putative ferric-uptake regulator	RA		CD630_08260 -	CD630_08260	A-G	snp_nonsynonymous	A	MC848	MC848
AM180355	1391850.0	C	L	F	F133L (TTT-CTT)	CTT	TTT	putative acetyltransferase	RA		CD630_11900 -	CD630_11900	T-C	snp_nonsynonymous	T	MC848	MC848
AM180355	1413077.0	AATGTAGGAAATATAGAGA			coding (481/825 nt)			Stage 0 sporulation protein A	JC		spo0A -	CD630_12140	(ATGTAGGAAATATAGAGA)1-2	small_indel	A	MC848	MC848
AM180355	1607458.0	TT			coding (40/45 nt)			putative trancriptional regulator	RA		CD630_13880 -	CD630_13880	(T)6-7	small_indel	T	MC848	MC848
AM180355	2044514.0	G	A	P	P33A (CCC-GCC)	GCC	CCC	Glyceraldehyde-3-phosphate dehydrogenase (GAPDH)	RA		gapB -	CD630_17670	C-G	snp_nonsynonymous	C	MC848	MC848
AM180355	2203033.0	T			intergenic (-160/-294)			conserved hypothetical protein/Transcriptional regulator, Phage-type	RA		CD630_19000 - / - CD630_19010	CD630_19000/CD630_19010	A-T	snp_intergenic	A	MC848	MC848
AM180355	2209236.0	A	E	G	G252E (GGA-GAA)	GAA	GGA	Ethanolamine iron-dependent Alcohol dehydrogenase	RA		eutG -	CD630_19070	G-A	snp_nonsynonymous	G	MC848	MC848
AM180355	2317719.0				between duplicated region within Tn5398			[CD630_20071], CD630_20080, CD630_20090, CD630_20091, ermB1	MC		[CD630_20071]-ermB1	[CD630_20071]–[CD630_20100]	D2,407 bp	large_deletion		MC848	MC848
AM180355	2924655.0	T	E	E	E304E (GAG-GAA)	GAA	GAG	Aminotransferase, alanine--glyoxylate transaminase	RA		CD630_25320 -	CD630_25320	C-T	snp_synonymous	C	MC848	MC848
AM180355	3005866.0	G			intergenic (-23/+287)			Lipoprotein signal peptidase (Prolipoprotein signal peptidase) (Signal peptidase II) (SPase II)/putative oligosaccharide deacetylase	RA		lspA - / - CD630_25980	CD630_25970/CD630_25980	T-G	snp_intergenic	T	MC848	MC848
AM180355	3034953.0	A	C	G	G68C (GGT-TGT)	TGT	GGT	conserved hypothetical protein	RA		CD630_26270 -	CD630_26270	C-A	snp_nonsynonymous	C	MC848	MC848
AM180355	3080703.0	T	I	V	V228I (GTT-ATT)	ATT	GTT	PTS system, glucose-specific IIBC component	RA		ptsG-BC -	CD630_26670	C-T	snp_nonsynonymous	C	MC848	MC848
AM180355	3591103.0	A			intergenic (-100/-291)			PTS system, glucose-like IIBC component/Transcriptional regulator, GntR family	RA		CD630_30890 - / - treR	CD630_30890/CD630_30900	G-A	snp_intergenic	G	MC848	MC848
AM180355	3686534.0	TA			coding (309/339 nt)			Fragment of conserved hypothetical protein	RA		CD630_31561 -	CD630_31561	+A	small_indel	T	MC848	MC848
AM180355	3753346.0				between repeat_region			putative membrane protein/putative multi antimicrobial extrusion protein,MatE family	MC		CD630_32060 - / - CD630_32070	CD630_32060/CD630_32070	D90 bp	large_deletion		MC848	MC848
AM180355	3967522.0				coding (1330/1365 nt)			23S rRNA (uracil-5-)-methyltransferase RumA (23S rRNA(M-5-U1939)-methyltransferase)	JC JC		rumA -	CD630_33930	D2 bp :: repeat_region (-) :: D3 bp	mobile_element_insertion		MC848	MC848
AM180355	4007462.0	TC			intergenic (-30/+230)			23S ribosomal RNA/16S ribosomal RNA	RA		23s rRNA - / - 16s rRNA	CD630_r0280/CD630_r0290	+C	small_indel	T	MC848	MC848
AM180355	4007603.0	G			intergenic (-171/+89)			23S ribosomal RNA/16S ribosomal RNA	RA		23s rRNA - / - 16s rRNA	CD630_r0280/CD630_r0290	A-G	snp_intergenic	A	MC848	MC848
AM180355	4166495.0	A	V	A	A91V (GCA-GTA)	GTA	GCA	Transcriptional regulator, GntR family	RA		CD630_35650 -	CD630_35650	G-A	snp_nonsynonymous	G	MC848	MC848
